StdMOB,setName,username
StdMOB,destroy,location
StdMOB,setLocation,location
StdMOB,setName,username
StdMOB,destroy,location
StdMOB,setLocation,location
StdMOB,setName,username
StdMOB,destroy,location
StdMOB,setLocation,location
StdMOB,setName,username
StdMOB,destroy,location
StdMOB,setLocation,location
StdMOB,setName,username
StdMOB,destroy,location
StdMOB,setLocation,location
StdMOB,setName,username
StdMOB,destroy,location
StdMOB,setLocation,location
StdMOB,setName,username
StdMOB,destroy,location
StdMOB,setLocation,location
StdMOB,setName,username
StdMOB,destroy,location
StdMOB,setLocation,location
StdMOB,setName,username
StdMOB,destroy,location
StdMOB,setLocation,location
StdMOB,setName,username
StdMOB,destroy,location
StdMOB,setLocation,location
StdMOB,setName,username
StdMOB,destroy,location
StdMOB,setLocation,location
StdMOB,setName,username
StdMOB,destroy,location
StdMOB,setLocation,location
StdMOB,setName,username
StdMOB,destroy,location
StdMOB,setLocation,location
StdMOB,setName,username
StdMOB,destroy,location
StdMOB,setLocation,location
StdMOB,setName,username
StdMOB,destroy,location
StdMOB,setLocation,location
StdMOB,setName,username
StdMOB,destroy,location
StdMOB,setLocation,location
StdMOB,setName,username
StdMOB,destroy,location
StdMOB,setLocation,location
StdMOB,setName,username
StdMOB,destroy,location
StdMOB,setLocation,location
StdMOB,setName,username
StdMOB,destroy,location
StdMOB,setLocation,location
StdMOB,setName,username
StdMOB,destroy,location
StdMOB,setLocation,location
StdMOB,setName,username
StdMOB,destroy,location
StdMOB,setLocation,location
StdMOB,setName,username
StdMOB,destroy,location
StdMOB,setLocation,location
StdMOB,setName,username
StdMOB,destroy,location
StdMOB,setLocation,location
StdMOB,setName,username
StdMOB,destroy,location
StdMOB,setLocation,location
StdMOB,setName,username
StdMOB,destroy,location
StdMOB,setLocation,location
StdMOB,setName,username
StdMOB,destroy,location
StdMOB,setLocation,location
StdMOB,setName,username
StdMOB,destroy,location
StdMOB,setLocation,location
StdMOB,setName,username
StdMOB,destroy,location
StdMOB,setLocation,location
StdMOB,setName,username
StdMOB,destroy,location
StdMOB,setLocation,location
StdMOB,setName,username
StdMOB,destroy,location
StdMOB,setLocation,location
StdMOB,setName,username
StdMOB,destroy,location
StdMOB,setLocation,location
StdMOB,setName,username
StdMOB,destroy,location
StdMOB,setLocation,location
StdMOB,setName,username
StdMOB,destroy,location
StdMOB,setLocation,location
StdMOB,setName,username
StdMOB,destroy,location
StdMOB,setLocation,location
StdMOB,setName,username
StdMOB,destroy,location
StdMOB,setLocation,location
StdMOB,setName,username
StdMOB,destroy,location
StdMOB,setLocation,location
StdMOB,setName,username
StdMOB,destroy,location
StdMOB,setLocation,location
StdMOB,setName,username
StdMOB,destroy,location
StdMOB,setLocation,location
StdMOB,setName,username
StdMOB,destroy,location
StdMOB,setLocation,location
StdMOB,setName,username
StdMOB,destroy,location
StdMOB,setLocation,location
StdMOB,setName,username
StdMOB,destroy,location
StdMOB,setLocation,location
StdMOB,setName,username
StdMOB,destroy,location
StdMOB,setLocation,location
StdMOB,setName,username
StdMOB,destroy,location
StdMOB,setLocation,location
StdMOB,setName,username
StdMOB,destroy,location
StdMOB,setLocation,location
StdMOB,setName,username
StdMOB,destroy,location
StdMOB,setLocation,location
StdMOB,setName,username
StdMOB,destroy,location
StdMOB,setLocation,location
StdMOB,setName,username
StdMOB,destroy,location
StdMOB,setLocation,location
StdMOB,setName,username
StdMOB,destroy,location
StdMOB,setLocation,location
StdMOB,setName,username
StdMOB,destroy,location
StdMOB,setLocation,location
StdMOB,setName,username
StdMOB,destroy,location
StdMOB,setLocation,location
StdMOB,setName,username
StdMOB,destroy,location
StdMOB,setLocation,location
StdMOB,setName,username
StdMOB,destroy,location
StdMOB,setLocation,location
