Customer_Update,windowClosing,WindowEvent
Customer_Update,actionPerformed,ActionEvent
Customer_Update,actionPerformed,ActionEvent
Customer_Update,actionPerformed,ActionEvent
Customer_Update,actionPerformed,ActionEvent
UpdateCustomer_Inner,actionPerformed,ActionEvent
UpdateCustomer_Inner,actionPerformed,ActionEvent
MainMenu,getMainPanel
MainMenu,actionPerformed,ActionEvent
Car_Update,windowClosing,WindowEvent
Car_Update,actionPerformed,ActionEvent
Car_Update,actionPerformed,ActionEvent
Car_Update,actionPerformed,ActionEvent
Car_Update,actionPerformed,ActionEvent
Car_UpdateInner,actionPerformed,ActionEvent
Car_UpdateInner,actionPerformed,ActionEvent
CarOwner_Update,windowClosing,WindowEvent
CarOwner_Update,actionPerformed,ActionEvent
CarOwner_Update,actionPerformed,ActionEvent
CarOwner_Update,actionPerformed,ActionEvent
CarOwner_Update,actionPerformed,ActionEvent
UpdateCarOwner_Inner,actionPerformed,ActionEvent
UpdateCarOwner_Inner,actionPerformed,ActionEvent
Car_Add,windowClosing,WindowEvent
Car_Add,actionPerformed,ActionEvent
Car_Add,actionPerformed,ActionEvent
Booking_Details,isCellEditable
Booking_Details,getTablemodel
Booking_Details,getMainPanel
Booking_Details,actionPerformed,ActionEvent
Booking_Details_ActionListener,actionPerformed,ActionEvent
CarOwner_Remove,windowClosing,WindowEvent
CarOwner_Remove,actionPerformed,ActionEvent
CarOwner_Remove_ActionListener,actionPerformed,ActionEvent
Customer_Add,windowClosing,WindowEvent
Customer_Add,actionPerformed,ActionEvent
Customer_Add_ActionListener,actionPerformed,ActionEvent
Car_Remove,windowClosing,WindowEvent
Car_Remove,actionPerformed,ActionEvent
Car_Remove,actionPerformed,ActionEvent
Booking_UnBookCar,windowClosing,WindowEvent
Booking_UnBookCar,actionPerformed,ActionEvent
Booking_UnBookCar,actionPerformed,ActionEvent
CarOwner_Details,isCellEditable
CarOwner_Details,getMainPanel
CarOwner_Details,actionPerformed,ActionEvent
Login,getMainPanel
Login,actionPerformed,ActionEvent
LoginActionListener,actionPerformed,ActionEvent
Runner,getFrame
Runner,main
Customer_Remove,windowClosing,WindowEvent
Customer_Remove,actionPerformed,ActionEvent
Customer_Remove_ActionListener,actionPerformed,ActionEvent
Booking_BookCar,windowClosing,WindowEvent
Booking_BookCar,actionPerformed,ActionEvent
Booking_BookCar,actionPerformed,ActionEvent
CarOwner_Add,windowClosing,WindowEvent
CarOwner_Add,actionPerformed,ActionEvent
CarOwner_Add_ActionListener,actionPerformed,ActionEvent
Parent_JFrame,windowClosing,WindowEvent
Parent_JFrame,getMainFrame
Parent_JFrame,actionPerformed,ActionEvent
Parent_JFrame_ActionListner,actionPerformed,ActionEvent
Customer_Details,isCellEditable
Customer_Details,getMainPanel
Customer_Details,actionPerformed,ActionEvent
Car_Details,getTablemodel
Car_Details,getMainPanel
Car_Details,isCellEditable
Car_Details,actionPerformed,ActionEvent
Car_Details_ActionListener,actionPerformed,ActionEvent
Customer,getBill
Customer,setBill
Customer,toString
Customer,Add
Customer,Update
Customer,Remove
Customer,SearchByName,String
Customer,SearchByCNIC,String
Customer,SearchByID
Customer,View
Booking,getID
Booking,setID
Booking,getCustomer
Booking,setCustomer,Customer
Booking,getCar
Booking,setCar,Car
Booking,getRentTime
Booking,setRentTime
Booking,getReturnTime
Booking,setReturnTime
Booking,toString
Booking,Add
Booking,Update
Booking,Remove
Booking,calculateBill
Booking,SearchByCustomerID
Booking,SearchByCarRegNo,String
Booking,SearchByCarID
Booking,View
Booking,getBookedCars
Booking,getUnbookedCars
CarOwner,getBalance
CarOwner,setBalance
CarOwner,toString
CarOwner,Add
CarOwner,Update
CarOwner,Remove
CarOwner,SearchByName,String
CarOwner,SearchByCNIC,String
CarOwner,SearchByID
CarOwner,getAllCars
CarOwner,View
Person,getID
Person,setID
Person,getCNIC
Person,setCNIC,String
Person,getName
Person,setName,String
Person,getContact_No
Person,setContact_No,String
Person,Add
Person,Update
Person,Remove
Person,toString
Person,isCNICValid,String
Person,isContactNoValid,String
Person,isNameValid,String
Person,isIDvalid,String
Car,getID
Car,setID
Car,getMaker
Car,setMaker,String
Car,getName
Car,setName,String
Car,getColour
Car,setColour,String
Car,getType
Car,setType,String
Car,getSeatingCapacity
Car,setSeatingCapacity
Car,getModel
Car,setModel,String
Car,getCondition
Car,setCondition,String
Car,getRegNo
Car,setRegNo,String
Car,getRentPerHour
Car,setRentPerHour
Car,getCarOwner
Car,setCarOwner,CarOwner
Car,toString
Car,Add
Car,Update
Car,Remove
Car,SearchByName,String
Car,SearchByID
Car,SearchByRegNo,String
Car,View
Car,isNameValid,String
Car,isRegNoValid,String
Car,isRented
